feature,importance_mean,importance_std
rul_hours,0.4954499569235251,0.016787031060415323
temperature_motor,0.2898742484288957,0.008823320853718168
rpm,0.27719401629696205,0.008518659491437793
vibration_rms,0.11646738011103701,0.003994299556138787
pressure_level,0.047103039522248924,0.004587585512005467
operating_mode,0.017379698516350184,0.002628493122918343
